{
  "4": {
    "n": 4,
    "ns": 4,
    "window_s": 176.88591122627258,
    "steady_samples": 20,
    "near_produce_chunk_time": {
      "mean": 57.90453510539364,
      "min": 55.12162004716981,
      "max": 59.58022383809524,
      "cv": 0.02885448816157998
    },
    "near_produce_and_distribute_chunk_time": {
      "mean": 27.671425913836835,
      "min": 25.40693479009435,
      "max": 29.404381642857153,
      "cv": 0.05698911677915845
    },
    "near_chunk_state_witness_encode_time": {
      "mean": 21.283439861143876,
      "min": 20.123881812500013,
      "max": 21.77637704761906,
      "cv": 0.03178493273624084
    },
    "near_chunk_state_witness_decode_time": {
      "mean": 24.72908584433862,
      "min": 23.599930366336636,
      "max": 26.251243750830568,
      "cv": 0.041234711971371414
    },
    "near_apply_chunk_delay_seconds": {
      "mean": 306.76110689044094,
      "min": 280.73957972469634,
      "max": 329.11409810403404,
      "cv": 0.05694231961060404
    },
    "near_applying_chunks_time": {
      "mean": 309.07974957763065,
      "min": 281.9166384279919,
      "max": 331.3883591592357,
      "cv": 0.05797021156476924
    },
    "near_apply_all_chunks_time": {
      "mean": 921.2786364679996,
      "min": 768.2909942642857,
      "max": 1034.6001897810218,
      "cv": 0.11575931570355637
    },
    "near_block_processing_time": {
      "mean": 1307.2136934083355,
      "min": 1206.3353914628094,
      "max": 1448.7432903898314,
      "cv": 0.07068412751704366
    },
    "chunks_per_s": 10.147783888247803,
    "produced_per_s": 2.3291849370240083,
    "skipped_per_s": 0.39008194333654506,
    "endorse_per_s": 27.367923010032097,
    "block_per_s": 0.6840567412133616,
    "limited_per_s": 10.571786000570134,
    "tx_per_s": 1368.9388732053774,
    "delayed_growth": 579309.0,
    "delayed_first": 0.0,
    "delayed_last": 579309.0,
    "witness_raw_bytes": {
      "mean": 537089.9904551326,
      "min": 513085.8229166667,
      "max": 583783.5904761904,
      "cv": 0.05118765137468221
    },
    "witness_total_bytes": {
      "mean": 291416.69092683063,
      "min": 278400.4895833333,
      "max": 315454.4285714286,
      "cv": 0.048899772017103625
    },
    "witness_bytes_per_s": 679386.1883452862,
    "inc_receipt_compute": {
      "mean": 0.011359831819319193,
      "min": 0.0,
      "max": 0.015800535398230082,
      "cv": 0.5785399388390613
    },
    "local_receipt_compute": {
      "mean": 0.0,
      "min": 0.0,
      "max": 0.0,
      "cv": 0.0
    },
    "delayed_receipt_compute": {
      "mean": 0.0,
      "min": 0.0,
      "max": 0.0,
      "cv": 0.0
    },
    "chunk_compute_ms": null,
    "tx_compute": {
      "mean": 162.22238867937617,
      "min": 155.9033350667017,
      "max": 168.90803909400614,
      "cv": 0.03887801551168776
    },
    "inc_receipt_tgas": {
      "mean": 0.011359831819319193,
      "min": 0.0,
      "max": 0.015800535398230082,
      "cv": 0.5785399388390613
    },
    "local_receipt_tgas": {
      "mean": 0.0,
      "min": 0.0,
      "max": 0.0,
      "cv": 0.0
    },
    "delayed_receipt_tgas": {
      "mean": 0.0,
      "min": 0.0,
      "max": 0.0,
      "cv": 0.0
    },
    "tx_tgas": {
      "mean": 162.22238867937617,
      "min": 155.9033350667017,
      "max": 168.90803909400614,
      "cv": 0.03887801551168776
    },
    "chunk_tgas": {
      "mean": 162.2337485111955,
      "min": 155.91833893644957,
      "max": 168.9226740161373,
      "cv": 0.038851792436331405
    },
    "recorded_size_bytes": {
      "mean": 253556.94182093465,
      "min": 242063.67016806724,
      "max": 264633.97540983604,
      "cv": 0.0401150959652602
    },
    "near_validate_chunk_with_encoded_merkle_root_time": {
      "mean": 23.338326264913114,
      "min": 22.515226716666668,
      "max": 24.87175180743243,
      "cv": 0.04106798379869563
    },
    "near_chunk_state_witness_network_roundtrip_time": {
      "mean": 100.6947551314548,
      "min": 91.12676700317458,
      "max": 126.65738599682548,
      "cv": 0.14902307451178698
    },
    "near_async_message_dequeue_time": {
      "mean": 1.8375762020633863,
      "min": 1.4530833765626143,
      "max": 2.260240802696895,
      "cv": 0.17850884228425332
    },
    "near_async_message_processing_time": {
      "mean": 0.7524175294863911,
      "min": 0.7306004402490931,
      "max": 0.7915749872983019,
      "cv": 0.030985116937835958
    },
    "near_partial_witness_encode_time": {
      "mean": 28.83137045308081,
      "min": 23.067394533333324,
      "max": 45.024350857142856,
      "cv": 0.3243590656889835
    },
    "near_partial_chunk_time_to_last_part_seconds": {
      "mean": 46.180450459049844,
      "min": 17.513028496402878,
      "max": 87.63651749612403,
      "cv": 0.5562027202706465
    },
    "near_partial_chunk_time_to_last_receipt_part_seconds": {
      "mean": 38.5369316413845,
      "min": 32.20229546226415,
      "max": 48.684512285714305,
      "cv": 0.17325581014586763
    },
    "near_partial_chunk_time_to_reconstruct_seconds": {
      "mean": 46.17609572133715,
      "min": 17.508745285371702,
      "max": 87.63206767441858,
      "cv": 0.5562539978568031
    },
    "near_partial_witness_time_to_last_part": {
      "mean": 14.947612534775761,
      "min": 13.82795753459119,
      "max": 15.65176035369774,
      "cv": 0.04555833499923415
    },
    "orphan_witness_growth": 74.0,
    "orphan_witness_first": 214.0,
    "orphan_witness_last": 288.0
  }
}