{
  "experiment": "observer_16v_8obs",
  "timestamp": "2026-05-07T17:48:37+00:00",
  "n_validators": 16,
  "n_observers": 8,
  "n_shards": 16,
  "readiness_time_s": 70.00947570800781,
  "wall_clock_s_total": 740.978030204773,
  "measurement": {
    "tps_per_shard": {
      "0": 0.0,
      "1": 0.0,
      "2": 0.0,
      "3": 0.0,
      "4": 0.0,
      "5": 0.0,
      "6": 0.0,
      "7": 0.0,
      "8": 0.0,
      "9": 0.0,
      "10": 0.0,
      "11": 0.0,
      "12": 0.0,
      "13": 0.0,
      "14": 0.0,
      "15": 0.0
    },
    "aggregate_tps": 0.0,
    "avg_tps_per_shard": 0.0,
    "counts_start": {
      "3": 0,
      "1": 0,
      "5": 0,
      "11": 0,
      "0": 0,
      "6": 0,
      "9": 0,
      "7": 0,
      "2": 0,
      "4": 0,
      "13": 0,
      "15": 0,
      "10": 0,
      "12": 0,
      "8": 0,
      "14": 0
    },
    "counts_end": {
      "5": 0,
      "11": 0,
      "4": 0,
      "15": 0,
      "13": 0,
      "9": 0,
      "6": 0,
      "10": 0,
      "3": 0,
      "8": 0,
      "0": 0,
      "7": 0,
      "12": 0,
      "1": 0,
      "14": 0,
      "2": 0
    },
    "elapsed_s": 181.4694402217865,
    "chunk_production_balance": {
      "active_shards": 0,
      "zero_shards": [
        0,
        1,
        2,
        3,
        4,
        5,
        6,
        7,
        8,
        9,
        10,
        11,
        12,
        13,
        14,
        15
      ],
      "per_shard_deltas": {
        "0": 0,
        "1": 0,
        "2": 0,
        "3": 0,
        "4": 0,
        "5": 0,
        "6": 0,
        "7": 0,
        "8": 0,
        "9": 0,
        "10": 0,
        "11": 0,
        "12": 0,
        "13": 0,
        "14": 0,
        "15": 0
      },
      "coefficient_of_variation": null
    },
    "block_heights_start": {
      "3": 805,
      "1": 805,
      "5": 805,
      "11": 805,
      "0": 805,
      "6": 805,
      "9": 805,
      "7": 805,
      "2": 805,
      "4": 805,
      "13": 805,
      "15": 805,
      "10": 805,
      "12": 805,
      "8": 805,
      "14": 805
    },
    "block_heights_end": {
      "5": 1279,
      "11": 1280,
      "4": 1280,
      "15": 1280,
      "13": 1280,
      "9": 1276,
      "6": 1276,
      "10": 1276,
      "3": 1280,
      "8": 1276,
      "0": 1278,
      "7": 1280,
      "12": 1279,
      "1": 1279,
      "14": 1279,
      "2": 1285
    },
    "block_time_ms_per_shard": {
      "0": 383.6563218219588,
      "1": 382.84692029912765,
      "2": 378.0613337953885,
      "3": 382.0409267827084,
      "4": 382.0409267827084,
      "5": 382.84692029912765,
      "6": 385.28543571504565,
      "7": 382.0409267827084,
      "8": 385.28543571504565,
      "9": 385.28543571504565,
      "10": 385.28543571504565,
      "11": 382.0409267827084,
      "12": 382.84692029912765,
      "13": 382.0409267827084,
      "14": 382.84692029912765,
      "15": 382.0409267827084
    },
    "avg_block_time_ms": 382.9057900231432,
    "finality_lag_blocks_avg": 4.428571428571429,
    "finality_lag_ms_avg": 1695.7256415310628,
    "finality_lag_sample_count": 7,
    "execution_rate_per_shard": {
      "0": 1.0,
      "1": 1.0,
      "2": 1.0,
      "3": 1.0,
      "4": 1.0,
      "5": 1.0,
      "6": 1.0,
      "7": 1.0,
      "8": 1.0,
      "9": 1.0,
      "10": 1.0,
      "11": 1.0,
      "12": 1.0,
      "13": 1.0,
      "14": 1.0,
      "15": 1.0
    },
    "execution_rate_avg": 1.0
  },
  "warnings": [
    "BALANCE WARNING: shards [0, 1, 2, 3, 4, 5, 6, 7, 8, 9, 10, 11, 12, 13, 14, 15] produced ZERO chunks during measurement window. These validators may be misassigned or stalled. Their TPS=0 will drag down averages."
  ]
}